{
    "total_count": 305,
    "total_scale": 66.30275179,
    "all_etf_scale": 161.70651742,
    "percentage": 41.00190446733325,
    "total_expected_income": 1091.3131336750002,
    "avg_fee_rate": 0.39158576051779936,
    "weighted_fee_rate": 0.3573366924579647,
    "avg_share_ratio": 0.43851132686084143
}